<?xml version="1.0" encoding="UTF-8"?>
<!DOCTYPE issue-xml
PUBLIC "-//Atypon//DTD Atypon JATS Journal Archiving and Interchange Issue XML DTD v1.0 20120831//EN"
"JATS-1.0/Atypon-Issue-Xml.dtd">
<issue-xml><journal-meta><journal-id journal-id-type="publisher-id">AFPA</journal-id><journal-title-group><journal-title>Academic Forensic Pathology</journal-title></journal-title-group><issn pub-type="ppub">1925-3621</issn><issn pub-type="epub">1925-3621</issn><publisher><publisher-name>SAGE Publications</publisher-name></publisher></journal-meta><issue-meta issue-type="normal"><pub-date pub-type="epub-ppub"><month>3</month><year>2017</year></pub-date><volume>7</volume><issue>1</issue><issue-id pub-id-type="doi">10.1177/AFPA_7_1</issue-id><issue-title>Themed Issue: The Opioid Crisis</issue-title><self-uri content-type="pdf" xlink:href="AFPA_7_1.pdf" xmlns:xlink="http://www.w3.org/1999/xlink"/></issue-meta><toc toc-type="page-order"><issue-subject-group><issue-subject-title><subject>Letter</subject></issue-subject-title><issue-article-meta><article-id pub-id-type="doi">10.1177/192536211700700101</article-id></issue-article-meta><issue-article-meta><article-id pub-id-type="doi">10.1177/192536211700700102</article-id></issue-article-meta><issue-article-meta><article-id pub-id-type="doi">10.1177/192536211700700103</article-id></issue-article-meta></issue-subject-group><issue-subject-group><issue-subject-title><subject>Invited Review</subject></issue-subject-title><issue-article-meta><article-id pub-id-type="doi">10.23907/2017.001</article-id></issue-article-meta><issue-article-meta><article-id pub-id-type="doi">10.23907/2017.002</article-id></issue-article-meta><issue-article-meta><article-id pub-id-type="doi">10.23907/2017.003</article-id></issue-article-meta><issue-article-meta><article-id pub-id-type="doi">10.23907/2017.004</article-id></issue-article-meta><issue-article-meta><article-id pub-id-type="doi">10.23907/2017.005</article-id></issue-article-meta><issue-article-meta><article-id pub-id-type="doi">10.23907/2017.006</article-id></issue-article-meta><issue-article-meta><article-id pub-id-type="doi">10.23907/2017.007</article-id></issue-article-meta><issue-article-meta><article-id pub-id-type="doi">10.23907/2017.008</article-id></issue-article-meta><issue-article-meta><article-id pub-id-type="doi">10.23907/2017.009</article-id></issue-article-meta><issue-article-meta><article-id pub-id-type="doi">10.23907/2017.010</article-id></issue-article-meta></issue-subject-group><issue-subject-group><issue-subject-title><subject>Original Article</subject></issue-subject-title><issue-article-meta><article-id pub-id-type="doi">10.23907/2017.011</article-id></issue-article-meta><issue-article-meta><article-id pub-id-type="doi">10.23907/2017.012</article-id></issue-article-meta><issue-article-meta><article-id pub-id-type="doi">10.23907/2017.013</article-id></issue-article-meta><issue-article-meta><article-id pub-id-type="doi">10.23907/2017.014</article-id></issue-article-meta></issue-subject-group><issue-subject-group><issue-subject-title><subject>Case of the Month</subject></issue-subject-title><issue-article-meta><article-id pub-id-type="doi">10.23907/2017.015</article-id></issue-article-meta><issue-article-meta><article-id pub-id-type="doi">10.23907/2017.016</article-id></issue-article-meta></issue-subject-group></toc></issue-xml>